[
  {
    "name": "Adonis",
    "url": "http://www.adonisjs.com/"
  },
  {
    "name": "AgilityJS",
    "url": "https://github.com/arturadib/agility"
  },
  {
    "name": "Alembic",
    "url": "https://github.com/awkward/Alembic"
  },
  {
    "name": "Ampersand",
    "url": "https://ampersandjs.com/"
  },
  {
    "name": "Amplitude",
    "url": "https://521dimensions.com/open-source/amplitudejs"
  },
  {
    "name": "Angular2",
    "url": "https://angular.io/"
  },
  {
    "name": "AngularJS",
    "url": "https://angularjs.org/"
  },
  {
    "name": "Angular-Meteor",
    "url": "https://angular-meteor.com/"
  },
  {
    "name": "animeJS",
    "url": "http://animejs.com/"
  },
  {
    "name": "Appium",
    "url": "http://appium.io/"
  },
  {
    "name": "AriaTemplates",
    "url": "http://ariatemplates.com/"
  },
  {
    "name": "Artillery",
    "url": "https://artillery.io/"
  },
  {
    "name": "Assemble",
    "url": "http://assemble.io/"
  },
  {
    "name": "Async",
    "url": "http://caolan.github.io/async/"
  },
  {
    "name": "AtmaJS",
    "url": "https://github.com/atmajs"
  },
  {
    "name": "Atom",
    "url": "https://atom.io/"
  },
  {
    "name": "Aura",
    "url": "https://github.com/aurajs/aura"
  },
  {
    "name": "Aurelia",
    "url": "http://aurelia.io/"
  },
  {
    "name": "AutobahnJS",
    "url": "http://crossbar.io/autobahn/"
  },
  {
    "name": "Babel",
    "url": "https://babeljs.io/"
  },
  {
    "name": "BabylonJS",
    "url": "https://www.babylonjs.com/"
  },
  {
    "name": "Backbone",
    "url": "http://backbonejs.org/"
  },
  {
    "name": "Backpack",
    "url": "https://github.com/palmerhq/backpack"
  },
  {
    "name": "Bacon.JS",
    "url": "https://baconjs.github.io/"
  },
  {
    "name": "Barba.js",
    "url": "http://barbajs.org/"
  },
  {
    "name": "Base",
    "url": "http://node-base.github.io/base/"
  },
  {
    "name": "BatmanJS",
    "url": "http://batmanjs.org/"
  },
  {
    "name": "Billboard.js",
    "url": "https://naver.github.io/billboard.js/"
  },
  {
    "name": "Blaze_CSS",
    "url": "http://blazecss.com/"
  },
  {
    "name": "Blendid",
    "url": "https://github.com/vigetlabs/blendid"
  },
  {
    "name": "Bliss",
    "url": "http://blissfuljs.com/"
  },
  {
    "name": "Bluebird",
    "url": "http://bluebirdjs.com/"
  },
  {
    "name": "Bobril",
    "url": "https://github.com/Bobris/Bobril"
  },
  {
    "name": "Bootstrap",
    "url": "http://getbootstrap.com/javascript/"
  },
  {
    "name": "Bosonic",
    "url": "http://bosonic.github.io/"
  },
  {
    "name": "BotPress",
    "url": "https://botpress.io/"
  },
  {
    "name": "Bower",
    "url": "https://bower.io/"
  },
  {
    "name": "Brackets",
    "url": "http://brackets.io/"
  },
  {
    "name": "Breakdance",
    "url": "https://github.com/cubiclabs/breakdance-js"
  },
  {
    "name": "Britecharts",
    "url": "https://github.com/eventbrite/britecharts"
  },
  {
    "name": "Brocolli",
    "url": "http://broccolijs.com/"
  },
  {
    "name": "Browserify",
    "url": "http://browserify.org/"
  },
  {
    "name": "Brunch",
    "url": "http://brunch.io/"
  },
  {
    "name": "Buster",
    "url": "http://busterjs.org"
  },
  {
    "name": "Butternut",
    "url": "https://github.com/Rich-Harris/butternut"
  },
  {
    "name": "Cabbie",
    "url": "https://cabbiejs.org/"
  },
  {
    "name": "CanJS",
    "url": "https://canjs.com/"
  },
  {
    "name": "Caporal",
    "url": "https://github.com/mattallty/Caporal.js?"
  },
  {
    "name": "Cappuccino",
    "url": "http://www.cappuccino-project.org/"
  },
  {
    "name": "Carbon",
    "url": "https://carbon.sage.com/"
  },
  {
    "name": "Cell",
    "url": "https://www.celljs.org/"
  },
  {
    "name": "Cerebral",
    "url": "https://cerebraljs.com/"
  },
  {
    "name": "Cesium",
    "url": "https://cesiumjs.org/"
  },
  {
    "name": "Chai",
    "url": "http://chaijs.com/"
  },
  {
    "name": "Chaplin",
    "url": "http://chaplinjs.org/"
  },
  {
    "name": "ChartJS",
    "url": "http://www.chartjs.org/"
  },
  {
    "name": "Chartist",
    "url": "https://gionkunz.github.io/chartist-js/"
  },
  {
    "name": "Clementine",
    "url": "http://www.clementinejs.com/"
  },
  {
    "name": "Codecept",
    "url": "http://codecept.io/"
  },
  {
    "name": "CodeClimate",
    "url": "https://docs.codeclimate.com/"
  },
  {
    "name": "CoffeeScript",
    "url": "http://coffeescript.org/"
  },
  {
    "name": "CommonJS",
    "url": "http://www.commonjs.org/"
  },
  {
    "name": "Cordova",
    "url": "https://cordova.apache.org/"
  },
  {
    "name": "CreateJS",
    "url": "http://createjs.com/"
  },
  {
    "name": "CujoJS",
    "url": "http://cujojs.com/"
  },
  {
    "name": "CycleJS",
    "url": "https://cycle.js.org/"
  },
  {
    "name": "Cyclow",
    "url": "https://cycle.js.org/"
  },
  {
    "name": "Cypress",
    "url": "https://www.cypress.io/"
  },
  {
    "name": "Cytoscape",
    "url": "http://js.cytoscape.org/"
  },
  {
    "name": "D3",
    "url": "https://d3js.org/"
  },
  {
    "name": "DC",
    "url": "https://dc-js.github.io/dc.js/"
  },
  {
    "name": "Deku",
    "url": "https://github.com/anthonyshort/deku"
  },
  {
    "name": "Delorean",
    "url": "https://github.com/f/delorean"
  },
  {
    "name": "DerbyJS",
    "url": "http://derbyjs.com/"
  },
  {
    "name": "DHTMLX",
    "url": "https://dhtmlx.com/"
  },
  {
    "name": "DisplayJS",
    "url": "https://display.js.org/"
  },
  {
    "name": "Docsify",
    "url": "https://docsify.js.org/"
  },
  {
    "name": "Dojo",
    "url": "https://dojotoolkit.org/"
  },
  {
    "name": "DoneJS",
    "url": "https://donejs.com/"
  },
  {
    "name": "Draggable",
    "url": "https://shopify.github.io/draggable/"
  },
  {
    "name": "Dragula",
    "url": "https://github.com/bevacqua/dragula"
  },
  {
    "name": "Duel",
    "url": "http://www.duelengine.org/"
  },
  {
    "name": "Duo",
    "url": "http://duojs.org/"
  },
  {
    "name": "Durandal",
    "url": "http://durandaljs.com/"
  },
  {
    "name": "Dutier",
    "url": "https://github.com/luisvinicius167/dutier"
  },
  {
    "name": "ECharts",
    "url": "https://ecomfe.github.io/echarts/index-en.html"
  },
  {
    "name": "EchoJS",
    "url": "http://www.echojs.com/"
  },
  {
    "name": "Electrode",
    "url": "https://github.com/electrode-io"
  },
  {
    "name": "Electron",
    "url": "https://electron.atom.io/"
  },
  {
    "name": "Elm",
    "url": "https://guide.elm-lang.org/interop/javascript.html"
  },
  {
    "name": "EmailJS",
    "url": "https://www.emailjs.com/"
  },
  {
    "name": "Ember",
    "url": "https://www.emberjs.com/"
  },
  {
    "name": "Emotion",
    "url": "https://emotion.now.sh/"
  },
  {
    "name": "Ender",
    "url": "http://enderjs.com/"
  },
  {
    "name": "Enquirer",
    "url": "https://github.com/SBoudrias/Inquirer.js/"
  },
  {
    "name": "Enyo",
    "url": "http://enyojs.com/"
  },
  {
    "name": "Epoch",
    "url": "https://github.com/epochjs/epoch"
  },
  {
    "name": "ES6",
    "url": "http://es6-features.org/"
  },
  {
    "name": "ESLint",
    "url": "http://eslint.org/"
  },
  {
    "name": "esnext",
    "url": "https://github.com/esnext/esnext"
  },
  {
    "name": "ExpressJS",
    "url": "https://expressjs.com/"
  },
  {
    "name": "ExtJS",
    "url": "https://www.sencha.com/products/extjs/"
  },
  {
    "name": "FakerJS",
    "url": "https://github.com/marak/Faker.js/"
  },
  {
    "name": "Fastify",
    "url": "http://www.fastify.io/"
  },
  {
    "name": "Firebase",
    "url": "https://firebase.google.com/docs/web/setup"
  },
  {
    "name": "Fkill",
    "url": "https://github.com/sindresorhus/fkill-cli"
  },
  {
    "name": "Flight",
    "url": "https://flightjs.github.io/"
  },
  {
    "name": "Flow",
    "url": "https://flow.org/"
  },
  {
    "name": "Flux",
    "url": "https://facebook.github.io/react/blog/2014/05/06/flux.html"
  },
  {
    "name": "Fly",
    "url": "https://github.com/flyjs/fly"
  },
  {
    "name": "Foam",
    "url": "https://github.com/foam-framework/foam"
  },
  {
    "name": "Foundation",
    "url": "http://foundation.zurb.com/sites/docs/v/5.5.3/javascript.html"
  },
  {
    "name": "Gatsby",
    "url": "https://www.gatsbyjs.org/"
  },
  {
    "name": "Generact",
    "url": "https://github.com/diegohaz/generact"
  },
  {
    "name": "Generate",
    "url": "https://github.com/generate"
  },
  {
    "name": "Glamorous",
    "url": "https://github.com/paypal/glamorous"
  },
  {
    "name": "Glimmer",
    "url": "https://glimmerjs.com/"
  },
  {
    "name": "Globalize",
    "url": "https://github.com/globalizejs/globalize"
  },
  {
    "name": "GnosisJS",
    "url": "https://docs.gnosis.pm/en/latest/"
  },
  {
    "name": "GPU.JS",
    "url": "http://gpu.rocks/"
  },
  {
    "name": "GraphicsJS",
    "url": "http://www.graphicsjs.org/"
  },
  {
    "name": "GreenSock",
    "url": "https://greensock.com/"
  },
  {
    "name": "Grunt",
    "url": "https://gruntjs.com/"
  },
  {
    "name": "Gulp",
    "url": "http://gulpjs.com/"
  },
  {
    "name": "Gun",
    "url": "http://gun.js.org/"
  },
  {
    "name": "Gwt",
    "url": "http://www.gwtproject.org/doc/latest/DevGuideCodingBasicsJSNI.html"
  },
  {
    "name": "Handlebars",
    "url": "http://handlebarsjs.com/"
  },
  {
    "name": "Handsontable",
    "url": "https://handsontable.com/"
  },
  {
    "name": "Hapi",
    "url": "https://hapijs.com/"
  },
  {
    "name": "Haul",
    "url": "https://github.com/callstack-io/haul"
  },
  {
    "name": "Highcharts",
    "url": "https://www.highcharts.com/"
  },
  {
    "name": "Holmes",
    "url": "https://haroen.me/holmes/"
  },
  {
    "name": "HowlerJS",
    "url": "https://howlerjs.com/"
  },
  {
    "name": "Hyper",
    "url": "https://hyper.is/"
  },
  {
    "name": "HyperApp",
    "url": "https://hyperapp.js.org/"
  },
  {
    "name": "Immutable",
    "url": "https://facebook.github.io/immutable-js/"
  },
  {
    "name": "Inferno",
    "url": "https://github.com/infernojs/inferno"
  },
  {
    "name": "InquirerJS",
    "url": "https://github.com/SBoudrias/Inquirer.js/"
  },
  {
    "name": "Insomnia",
    "url": "https://insomnia.rest/"
  },
  {
    "name": "InterledgerJS",
    "url": "http://interledgerjs.org/"
  },
  {
    "name": "Intern",
    "url": "https://theintern.github.io/"
  },
  {
    "name": "Ionic",
    "url": "https://ionicframework.com/"
  },
  {
    "name": "Istanbul",
    "url": "https://github.com/istanbuljs"
  },
  {
    "name": "Jasmine",
    "url": "https://jasmine.github.io/"
  },
  {
    "name": "JerryScript",
    "url": "https://github.com/jerryscript-project/jerryscript"
  },
  {
    "name": "Jest",
    "url": "https://facebook.github.io/jest/"
  },
  {
    "name": "jQuery",
    "url": "https://jquery.com/"
  },
  {
    "name": "jQueryMobile",
    "url": "https://jquerymobile.com/"
  },
  {
    "name": "jQueryUI",
    "url": "https://jqueryui.com/"
  },
  {
    "name": "js_of_ocaml",
    "url": "http://ocsigen.org/js_of_ocaml/"
  },
  {
    "name": "JSBlocks",
    "url": "http://jsblocks.com/"
  },
  {
    "name": "JSHint",
    "url": "http://jshint.com/"
  },
  {
    "name": "Jspm",
    "url": "http://jspm.io/"
  },
  {
    "name": "JSTransformer",
    "url": "https://github.com/jstransformers/jstransformer"
  },
  {
    "name": "JSweet",
    "url": "http://www.jsweet.org/"
  },
  {
    "name": "JSX",
    "url": "https://facebook.github.io/react/docs/jsx-in-depth.html"
  },
  {
    "name": "Junctions.js",
    "url": "https://junctions.js.org/"
  },
  {
    "name": "Jumpsuit",
    "url": "https://github.com/jumpsuit/jumpsuit"
  },
  {
    "name": "Kap",
    "url": "https://github.com/wulkano/kap"
  },
  {
    "name": "Karma",
    "url": "https://karma-runner.github.io/"
  },
  {
    "name": "Kea",
    "url": "https://kea.js.org/"
  },
  {
    "name": "KendoUI",
    "url": "http://demos.telerik.com/kendo-ui/"
  },
  {
    "name": "KeyStone",
    "url": "http://keystonejs.com/"
  },
  {
    "name": "Knockout",
    "url": "http://knockoutjs.com/"
  },
  {
    "name": "Konva",
    "url": "https://konvajs.github.io/"
  },
  {
    "name": "KrakenJS",
    "url": "https://github.com/krakenjs/kraken-js"
  },
  {
    "name": "Leaflet",
    "url": "http://leafletjs.com/"
  },
  {
    "name": "Lerna",
    "url": "https://lernajs.io/"
  },
  {
    "name": "Less",
    "url": "http://lesscss.org/"
  },
  {
    "name": "Lighthouse",
    "url": "https://developers.google.com/web/tools/lighthouse/"
  },
  {
    "name": "Lodash",
    "url": "https://lodash.com/"
  },
  {
    "name": "Mailit",
    "url": "https://github.com/dthree/mailit"
  },
  {
    "name": "MarionetteJS",
    "url": "https://marionettejs.com/"
  },
  {
    "name": "Markvis",
    "url": "https://markvis.js.org/"
  },
  {
    "name": "Mark.JS",
    "url": "https://markjs.io/"
  },
  {
    "name": "Materialize",
    "url": "http://materializecss.com/"
  },
  {
    "name": "Matreshka",
    "url": "http://matreshka.io/"
  },
  {
    "name": "Mavo",
    "url": "https://mavo.io/"
  },
  {
    "name": "Meteor",
    "url": "https://www.meteor.com/"
  },
  {
    "name": "Metro",
    "url": "http://www.drewgreenwell.com/projects/metrojs"
  },
  {
    "name": "Mewt",
    "url": "https://github.com/sdgluck/mewt"
  },
  {
    "name": "Mithril",
    "url": "https://mithril.js.org/"
  },
  {
    "name": "Mobx",
    "url": "https://github.com/mobxjs/mobx"
  },
  {
    "name": "Mocha",
    "url": "https://mochajs.org/"
  },
  {
    "name": "Modernizr",
    "url": "https://modernizr.com/"
  },
  {
    "name": "MoJS",
    "url": "http://mojs.io/"
  },
  {
    "name": "MomentJS",
    "url": "https://momentjs.com/"
  },
  {
    "name": "Moon",
    "url": "http://moonjs.ga/"
  },
  {
    "name": "NativeScript",
    "url": "https://www.nativescript.org/"
  },
  {
    "name": "NativeScript-Angular",
    "url": "https://docs.nativescript.org/tutorial/ng-chapter-0"
  },
  {
    "name": "Nemo",
    "url": "http://nemo.js.org/"
  },
  {
    "name": "Nest",
    "url": "http://nestjs.com/"
  },
  {
    "name": "Next.js",
    "url": "https://github.com/zeit/next.js"
  },
  {
    "name": "Neutrino",
    "url": "https://neutrino.js.org/"
  },
  {
    "name": "Nightwatch",
    "url": "http://nightwatchjs.org/"
  },
  {
    "name": "Nile.js",
    "url": "https://nilejs.com/"
  },
  {
    "name": "Nivo",
    "url": "http://nivo.rocks/"
  },
  {
    "name": "Nodal",
    "url": "http://nodaljs.com/"
  },
  {
    "name": "NodeJS",
    "url": "https://nodejs.org/"
  },
  {
    "name": "Node-RED",
    "url": "https://nodered.org/"
  },
  {
    "name": "npm",
    "url": "https://www.npmjs.com/"
  },
  {
    "name": "NuclearJS",
    "url": "https://optimizely.github.io/nuclear-js/"
  },
  {
    "name": "Nuxt",
    "url": "https://nuxtjs.org/"
  },
  {
    "name": "OfflineJS",
    "url": "http://github.hubspot.com/offline/docs/welcome/"
  },
  {
    "name": "Omniscient",
    "url": "http://omniscientjs.github.io/"
  },
  {
    "name": "Pell",
    "url": "https://jaredreich.com/pell"
  },
  {
    "name": "PEP",
    "url": "http://pep.briangonzalez.org/"
  },
  {
    "name": "PhantomJS",
    "url": "http://phantomjs.org/"
  },
  {
    "name": "Phaser",
    "url": "https://phaser.io/"
  },
  {
    "name": "PixiJS",
    "url": "http://www.pixijs.com/"
  },
  {
    "name": "PKG",
    "url": "https://github.com/zeit/pkg"
  },
  {
    "name": "Plotly.js",
    "url": "https://plot.ly/javascript/"
  },
  {
    "name": "Polished",
    "url": "https://github.com/styled-components/polished"
  },
  {
    "name": "Polymer",
    "url": "https://www.polymer-project.org/"
  },
  {
    "name": "Popmotion",
    "url": "https://popmotion.io/"
  },
  {
    "name": "Popper.JS",
    "url": "https://popper.js.org/"
  },
  {
    "name": "PostCSS",
    "url": "https://github.com/postcss/postcss-js"
  },
  {
    "name": "PostHTML",
    "url": "https://github.com/posthtml"
  },
  {
    "name": "Preact",
    "url": "https://preactjs.com/"
  },
  {
    "name": "Prettier",
    "url": "https://github.com/prettier/prettier"
  },
  {
    "name": "PrimeNG",
    "url": "https://www.npmjs.com/package/primeng"
  },
  {
    "name": "Prototype",
    "url": "http://prototypejs.org/"
  },
  {
    "name": "Protractor",
    "url": "http://www.protractortest.org/"
  },
  {
    "name": "Puppeteer",
    "url": "https://github.com/GoogleChrome/puppeteer"
  },
  {
    "name": "PureScript",
    "url": "http://www.purescript.org/"
  },
  {
    "name": "PyJS",
    "url": "http://pyjs.org/"
  },
  {
    "name": "Q",
    "url": "https://github.com/kriskowal/q"
  },
  {
    "name": "Quasar",
    "url": "http://quasar-framework.org/"
  },
  {
    "name": "Qunit",
    "url": "https://qunitjs.com/"
  },
  {
    "name": "RactiveJS",
    "url": "https://ractive.js.org/"
  },
  {
    "name": "Ramda",
    "url": "http://ramdajs.com/"
  },
  {
    "name": "Rax",
    "url": "https://github.com/alibaba/rax"
  },
  {
    "name": "Re-DOM",
    "url": "https://redom.js.org/"
  },
  {
    "name": "React",
    "url": "https://facebook.github.io/react/"
  },
  {
    "name": "Reactide",
    "url": "http://reactide.io/"
  },
  {
    "name": "React-Cosmos",
    "url": "https://github.com/react-cosmos/react-cosmos"
  },
  {
    "name": "React-Flight",
    "url": "http://www.react-flight.io/"
  },
  {
    "name": "React-ImgPro",
    "url": "https://github.com/nitin42/react-imgpro"
  },
  {
    "name": "React-Move",
    "url": "https://react-move.js.org/#/story/readme-documentation"
  },
  {
    "name": "React-Router",
    "url": "https://github.com/ReactTraining/react-router"
  },
  {
    "name": "React-Sizes",
    "url": "https://github.com/renatorib/react-sizes"
  },
  {
    "name": "Redbird",
    "url": "https://github.com/OptimalBits/redbird"
  },
  {
    "name": "Redux",
    "url": "http://redux.js.org/"
  },
  {
    "name": "Redux-Saga",
    "url": "https://github.com/redux-saga/redux-saga"
  },
  {
    "name": "Redux_Offline",
    "url": "https://hackernoon.com/introducing-redux-offline-offline-first-architecture-for-progressive-web-applications-and-react-68c5167ecfe0"
  },
  {
    "name": "Rekit",
    "url": "http://rekit.js.org/"
  },
  {
    "name": "Relay",
    "url": "https://facebook.github.io/relay/"
  },
  {
    "name": "Repatch",
    "url": "https://github.com/jaystack/repatch"
  },
  {
    "name": "RequireJS",
    "url": "http://requirejs.org/"
  },
  {
    "name": "RevealJS",
    "url": "http://lab.hakim.se/reveal-js/"
  },
  {
    "name": "Riot",
    "url": "http://riotjs.com/"
  },
  {
    "name": "Rivets",
    "url": "http://rivetsjs.com/"
  },
  {
    "name": "rltm.js",
    "url": "http://rltmjs.com/"
  },
  {
    "name": "RollupJS",
    "url": "https://rollupjs.org/"
  },
  {
    "name": "RxDB",
    "url": "https://github.com/pubkey/rxdb"
  },
  {
    "name": "RxJS",
    "url": "https://github.com/Reactive-Extensions/RxJS"
  },
  {
    "name": "Sails",
    "url": "http://sailsjs.com/"
  },
  {
    "name": "SammyJS",
    "url": "http://sammyjs.org/"
  },
  {
    "name": "San",
    "url": "https://github.com/ecomfe/san"
  },
  {
    "name": "Scotty.js",
    "url": "https://github.com/stojanovic/scottyjs"
  },
  {
    "name": "Semantic-UI",
    "url": "https://semantic-ui.com/"
  },
  {
    "name": "Seneca",
    "url": "http://senecajs.org/"
  },
  {
    "name": "Sentry",
    "url": "https://sentry.io/welcome/"
  },
  {
    "name": "Sequelize",
    "url": "http://docs.sequelizejs.com/"
  },
  {
    "name": "Sinon",
    "url": "http://sinonjs.org/"
  },
  {
    "name": "Sizzle",
    "url": "https://sizzlejs.com/"
  },
  {
    "name": "SkateJS",
    "url": "https://github.com/skatejs/skatejs"
  },
  {
    "name": "SkelJS",
    "url": "https://github.com/ajlkn/skel"
  },
  {
    "name": "Slate",
    "url": "https://github.com/ianstormtaylor/slate"
  },
  {
    "name": "Slick",
    "url": "http://kenwheeler.github.io/slick/"
  },
  {
    "name": "slim.js",
    "url": "http://slimjs.com/"
  },
  {
    "name": "Slush",
    "url": "http://slushjs.github.io/"
  },
  {
    "name": "SocketIO",
    "url": "https://socket.io/"
  },
  {
    "name": "SocketStream",
    "url": "https://github.com/socketstream/socketstream"
  },
  {
    "name": "Spine",
    "url": "http://spine.github.io/"
  },
  {
    "name": "Sproutcore",
    "url": "http://sproutcore.com/"
  },
  {
    "name": "StandardJS",
    "url": "https://standardjs.com/"
  },
  {
    "name": "Stapesjs",
    "url": "https://hay.github.io/stapes/"
  },
  {
    "name": "StealJS",
    "url": "https://stealjs.com/"
  },
  {
    "name": "Storybook",
    "url": "https://storybook.js.org/"
  },
  {
    "name": "StrMan",
    "url": "https://dleitee.github.io/strman/"
  },
  {
    "name": "Strudel",
    "url": "http://strudeljs.org/"
  },
  {
    "name": "Styletron",
    "url": "http://styletron.js.org/"
  },
  {
    "name": "Stylus",
    "url": "http://stylus-lang.com/docs/js.html"
  },
  {
    "name": "Sugar",
    "url": "https://sugarjs.com/"
  },
  {
    "name": "Svelte",
    "url": "https://github.com/sveltejs/svelte"
  },
  {
    "name": "Swip",
    "url": "https://github.com/paulsonnentag/swip"
  },
  {
    "name": "SystemJS",
    "url": "https://github.com/systemjs/systemjs"
  },
  {
    "name": "Tabris.js",
    "url": "https://tabrisjs.com/"
  },
  {
    "name": "Tape",
    "url": "https://github.com/substack/tape"
  },
  {
    "name": "ThreeJS",
    "url": "https://threejs.org/"
  },
  {
    "name": "TinyMCE",
    "url": "https://www.tinymce.com/"
  },
  {
    "name": "Titanium",
    "url": "http://www.appcelerator.com/titanium/titanium-sdk/3/"
  },
  {
    "name": "Toolkit",
    "url": "https://github.com/node-toolkit"
  },
  {
    "name": "TotalJS",
    "url": "https://www.totaljs.com/"
  },
  {
    "name": "Totoro",
    "url": "https://github.com/totorojs/totoro"
  },
  {
    "name": "Tradeship",
    "url": "https://github.com/karthikv/tradeship"
  },
  {
    "name": "Trails",
    "url": "https://github.com/trailsjs/trails"
  },
  {
    "name": "Turf",
    "url": "http://turfjs.org/"
  },
  {
    "name": "TurnJS",
    "url": "http://www.turnjs.com/"
  },
  {
    "name": "TypeScript",
    "url": "https://www.typescriptlang.org/"
  },
  {
    "name": "ulid",
    "url": "https://github.com/alizain/ulid"
  },
  {
    "name": "Umbrella",
    "url": "https://umbrellajs.com/"
  },
  {
    "name": "UnderscoreJS",
    "url": "http://underscorejs.org/"
  },
  {
    "name": "UnitJS",
    "url": "http://unitjs.com/"
  },
  {
    "name": "Update",
    "url": "http://update.github.io/update/"
  },
  {
    "name": "V8",
    "url": "https://developers.google.com/v8/"
  },
  {
    "name": "Vaadin",
    "url": "https://vaadin.com/home"
  },
  {
    "name": "Vant",
    "url": "https://github.com/youzan/vant"
  },
  {
    "name": "Verb",
    "url": "https://github.com/verbose/verb-generate-readme"
  },
  {
    "name": "Volo",
    "url": "http://volojs.org/"
  },
  {
    "name": "Vows",
    "url": "http://vowsjs.org/"
  },
  {
    "name": "Vue",
    "url": "https://vuejs.org/"
  },
  {
    "name": "Vuetify.js",
    "url": "https://vuetifyjs.com/"
  },
  {
    "name": "Vulcan",
    "url": "http://vulcanjs.org/"
  },
  {
    "name": "VX",
    "url": "https://vx-demo.now.sh/"
  },
  {
    "name": "Wakanda",
    "url": "https://wakanda.github.io/"
  },
  {
    "name": "Wallaby.js",
    "url": "https://wallabyjs.com/"
  },
  {
    "name": "WebGL",
    "url": "https://en.wikipedia.org/wiki/WebGL/"
  },
  {
    "name": "Webix",
    "url": "https://webix.com/"
  },
  {
    "name": "Webpack",
    "url": "https://webpack.js.org/"
  },
  {
    "name": "WebRx",
    "url": "http://webrxjs.org/"
  },
  {
    "name": "Webtorrent",
    "url": "https://github.com/webtorrent/webtorrent"
  },
  {
    "name": "Weex-UI",
    "url": "https://github.com/alibaba/weex-ui"
  },
  {
    "name": "WhitestormJS",
    "url": "https://github.com/WhitestormJS"
  },
  {
    "name": "Wijmo",
    "url": "http://wijmo.com/"
  },
  {
    "name": "winJS",
    "url": "http://try.buildwinjs.com/"
  },
  {
    "name": "Wiretie",
    "url": "https://github.com/synacor/wiretie"
  },
  {
    "name": "Workbox",
    "url": "https://workboxjs.org/"
  },
  {
    "name": "XO",
    "url": "https://github.com/sindresorhus/xo"
  },
  {
    "name": "X-tag",
    "url": "https://x-tag.github.io/"
  },
  {
    "name": "Yarn",
    "url": "https://yarnpkg.com/"
  },
  {
    "name": "Yeoman",
    "url": "http://yeoman.io/"
  },
  {
    "name": "Yui",
    "url": "https://yuilibrary.com/"
  },
  {
    "name": "ZangoDB",
    "url": "https://erikolson186.github.io/zangodb/"
  },
  {
    "name": "ZeptoJS",
    "url": "http://zeptojs.com/"
  }
]
